{
  "project_info": {
    "project_number": "323706945825",
    "firebase_url": "https://gohome-b196c.firebaseio.com",
    "project_id": "gohome-b196c",
    "storage_bucket": "gohome-b196c.appspot.com"
  },
  "client": [
    {
      "client_info": {
        "mobilesdk_app_id": "1:323706945825:android:120f91fc0e86e8030bfe60",
        "android_client_info": {
          "package_name": "com.jeffcorp.go_home"
        }
      },
      "oauth_client": [
        {
          "client_id": "323706945825-57urq4125rinp1prvlseprsgatldrvcc.apps.googleusercontent.com",
          "client_type": 3
        }
      ],
      "api_key": [
        {
          "current_key": "AIzaSyCn-EJ8Sb-SiUMSJ0svWeb15SRqGSJ-JEs"
        }
      ],
      "services": {
        "appinvite_service": {
          "other_platform_oauth_client": [
            {
              "client_id": "323706945825-57urq4125rinp1prvlseprsgatldrvcc.apps.googleusercontent.com",
              "client_type": 3
            }
          ]
        }
      }
    }
  ],
  "configuration_version": "1"
}